task_id,task_name,stage,tier,model_name,feature_mode,feature_count,model_path,metadata_path,artifact_format,enabled
A1,起跨阶段平均分,takeoff,core,tabpfn,all_features,98,D:\HURDLE\analysis\deployable_models\takeoff_mean_tabpfn_all_features.tabpfn_fit,D:\HURDLE\analysis\deployable_models\takeoff_mean_tabpfn_all_features.meta.json,tabpfn_fit,True
A2,腾空阶段平均分,flight,core,tabpfn,all_features,98,D:\HURDLE\analysis\deployable_models\flight_mean_tabpfn_all_features.tabpfn_fit,D:\HURDLE\analysis\deployable_models\flight_mean_tabpfn_all_features.meta.json,tabpfn_fit,True
A3,下栏阶段平均分,landing,core,random_forest,schema_only,34,D:\HURDLE\analysis\deployable_models\landing_mean_random_forest_schema_only.pkl,D:\HURDLE\analysis\deployable_models\landing_mean_random_forest_schema_only.pkl,pickle,True
A4,总分,overall,core,tabpfn,all_features,98,D:\HURDLE\analysis\deployable_models\overall_mean_tabpfn_all_features.tabpfn_fit,D:\HURDLE\analysis\deployable_models\overall_mean_tabpfn_all_features.meta.json,tabpfn_fit,True
T2,起跨支撑时长合理性,takeoff,core,random_forest,all_features,98,D:\HURDLE\analysis\deployable_models\T2_random_forest_all_features.pkl,D:\HURDLE\analysis\deployable_models\T2_random_forest_all_features.pkl,pickle,True
T4,起跨角与着地角合理性,takeoff,core,tabpfn,schema_only,2,D:\HURDLE\analysis\deployable_models\T5_tabpfn_schema_only.tabpfn_fit,D:\HURDLE\analysis\deployable_models\T5_tabpfn_schema_only.meta.json,tabpfn_fit,True
T5,起跨上体姿态,takeoff,core,tabpfn,all_features,98,D:\HURDLE\analysis\deployable_models\T6_tabpfn_all_features.tabpfn_fit,D:\HURDLE\analysis\deployable_models\T6_tabpfn_all_features.meta.json,tabpfn_fit,True
F4,过栏摆动腿技术,flight,core,tabpfn,schema_only,1,D:\HURDLE\analysis\deployable_models\F5_tabpfn_schema_only.tabpfn_fit,D:\HURDLE\analysis\deployable_models\F5_tabpfn_schema_only.meta.json,tabpfn_fit,True
F5,过栏上体姿态,flight,core,tabpfn,all_features,98,D:\HURDLE\analysis\deployable_models\F6_tabpfn_all_features.tabpfn_fit,D:\HURDLE\analysis\deployable_models\F6_tabpfn_all_features.meta.json,tabpfn_fit,True
L2,下栏着地动作质量,landing,core,xgboost,all_features,98,D:\HURDLE\analysis\deployable_models\L3_xgboost_all_features.pkl,D:\HURDLE\analysis\deployable_models\L3_xgboost_all_features.pkl,pickle,True
L3,下栏蹬伸质量,landing,core,random_forest,all_features,98,D:\HURDLE\analysis\deployable_models\L5_random_forest_all_features.pkl,D:\HURDLE\analysis\deployable_models\L5_random_forest_all_features.pkl,pickle,True
T1,起跨点距离,takeoff,support,ridge_baseline,schema_only,1,D:\HURDLE\analysis\deployable_models\T1_ridge_baseline_schema_only.pkl,D:\HURDLE\analysis\deployable_models\T1_ridge_baseline_schema_only.pkl,pickle,True
T3,起跨腿缓冲质量,takeoff,support,random_forest,schema_only,3,D:\HURDLE\analysis\deployable_models\T3_random_forest_schema_only.pkl,D:\HURDLE\analysis\deployable_models\T3_random_forest_schema_only.pkl,pickle,True
F1,腾空时间合理性,flight,support,ridge_baseline,all_features,98,D:\HURDLE\analysis\deployable_models\F1_ridge_baseline_all_features.pkl,D:\HURDLE\analysis\deployable_models\F1_ridge_baseline_all_features.pkl,pickle,True
F2,腾空轨迹经济性,flight,support,random_forest,all_features,98,D:\HURDLE\analysis\deployable_models\F2_random_forest_all_features.pkl,D:\HURDLE\analysis\deployable_models\F2_random_forest_all_features.pkl,pickle,True
F3,腾空水平推进效果,flight,support,ridge_baseline,all_features,98,D:\HURDLE\analysis\deployable_models\F3_ridge_baseline_all_features.pkl,D:\HURDLE\analysis\deployable_models\F3_ridge_baseline_all_features.pkl,pickle,True
L1,下栏距离合理性,landing,support,tabpfn,all_features,98,D:\HURDLE\analysis\deployable_models\L1_tabpfn_all_features.tabpfn_fit,D:\HURDLE\analysis\deployable_models\L1_tabpfn_all_features.meta.json,tabpfn_fit,True
L4,下栏上体控制,landing,support,random_forest,all_features,98,D:\HURDLE\analysis\deployable_models\L6_random_forest_all_features.pkl,D:\HURDLE\analysis\deployable_models\L6_random_forest_all_features.pkl,pickle,True
